"Date","Price","Open","High","Low","Vol.","Change %"
"Jan 17, 2021","52.27","52.00","53.79","51.44","516.20K","-0.17%"
"Jan 10, 2021","52.36","52.58","53.93","51.50","1.62M","0.23%"
"Jan 03, 2021","52.24","48.40","52.75","47.18","2.05M","7.67%"
"Dec 27, 2020","48.52","48.23","48.96","47.50","901.09K","0.60%"
"Dec 20, 2020","48.23","48.54","48.62","46.16","835.39K","-1.77%"
"Dec 13, 2020","49.10","46.73","49.28","45.69","1.09M","5.43%"
"Dec 06, 2020","46.57","46.15","47.74","44.95","1.56M","0.67%"
"Nov 29, 2020","46.26","45.34","46.68","43.92","1.41M","1.60%"
"Nov 22, 2020","45.53","42.46","46.26","42.29","1.14M","8.02%"
"Nov 15, 2020","42.15","40.17","42.46","40.15","817.62K","5.03%"
"Nov 08, 2020","40.13","37.34","43.06","37.16","1.92M","8.05%"
"Nov 01, 2020","37.14","35.24","39.35","33.64","1.64M","3.77%"
"Oct 25, 2020","35.79","39.69","39.83","34.92","2.15M","-10.19%"
"Oct 18, 2020","39.85","40.69","41.70","39.57","1.04M","-2.52%"
"Oct 11, 2020","40.88","40.40","41.29","39.04","1.37M","0.69%"
"Oct 04, 2020","40.60","37.00","41.47","37.00","1.95M","9.58%"
"Sep 27, 2020","37.05","40.07","40.80","36.63","1.78M","-7.95%"
"Sep 20, 2020","40.25","40.98","41.27","38.66","907.18K","-2.09%"
"Sep 13, 2020","41.11","37.32","41.49","36.82","1.42M","10.13%"
"Sep 06, 2020","37.33","39.48","39.59","36.13","1.91M","-6.14%"
"Aug 30, 2020","39.77","42.91","43.57","39.35","1.81M","-7.45%"
"Aug 23, 2020","42.97","42.48","43.78","42.23","1.48M","1.49%"
"Aug 16, 2020","42.34","42.24","43.03","41.46","774.15K","0.79%"
"Aug 09, 2020","42.01","41.50","42.94","41.17","1.84M","1.92%"
"Aug 02, 2020","41.22","40.39","43.52","39.58","2.04M","2.36%"
"Jul 26, 2020","40.27","41.26","41.93","38.72","1.76M","-2.47%"
"Jul 19, 2020","41.29","40.64","42.40","39.83","1.16M","1.72%"
"Jul 12, 2020","40.59","40.35","41.26","39.07","1.44M","0.10%"
"Jul 05, 2020","40.55","40.31","41.08","38.54","1.68M","-0.25%"
"Jun 28, 2020","40.65","37.96","40.74","37.50","1.47M","5.61%"
"Jun 21, 2020","38.49","39.18","41.63","37.08","1.71M","-3.17%"
"Jun 14, 2020","39.75","36.03","40.49","34.36","1.17M","9.62%"
"Jun 07, 2020","36.26","39.41","40.44","34.48","2.12M","-8.32%"
"May 31, 2020","39.55","35.21","39.68","34.27","1.93M","11.44%"
"May 24, 2020","35.49","33.30","35.77","31.14","1.77M","6.74%"
"May 17, 2020","33.25","29.53","34.66","29.53","1.33M","12.98%"
"May 10, 2020","29.43","24.49","29.92","23.67","811.31K","18.96%"
"May 03, 2020","24.74","19.11","26.74","18.05","1.60M","25.08%"
"Apr 26, 2020","19.78","16.84","20.48","10.07","3.02M","16.77%"
"Apr 19, 2020","16.94","17.73","18.26","-40.32","2.94M","-7.28%"
"Apr 12, 2020","18.27","24.60","24.74","17.31","2.70M","-19.73%"
"Apr 05, 2020","22.76","26.09","28.36","22.57","3.50M","-19.69%"
"Mar 29, 2020","28.34","20.93","29.13","19.27","4.23M","31.75%"
"Mar 22, 2020","21.51","22.52","25.24","20.80","3.37M","-4.10%"
"Mar 15, 2020","22.43","33.75","33.75","19.46","1.72M","-29.31%"
"Mar 08, 2020","31.73","32.87","36.35","27.34","5.48M","-23.13%"
"Mar 01, 2020","41.28","43.70","48.66","41.05","4.69M","-7.77%"
"Feb 23, 2020","44.76","52.60","52.64","43.85","4.53M","-16.15%"
"Feb 16, 2020","53.38","52.23","54.50","50.88","1.07M","2.56%"
"Feb 09, 2020","52.05","50.12","52.34","49.42","3.59M","3.44%"
"Feb 02, 2020","50.32","51.01","52.20","49.31","4.14M","-2.40%"
"Jan 26, 2020","51.56","53.70","54.37","50.97","3.52M","-4.85%"
"Jan 19, 2020","54.19","59.17","59.73","53.85","1.96M","-7.43%"
"Jan 12, 2020","58.54","59.04","59.27","57.36","1.83M","-0.85%"
"Jan 05, 2020","59.04","63.71","65.65","58.66","3.86M","-6.36%"
"Dec 29, 2019","63.05","61.71","64.09","60.63","2.29M","2.15%"
"Dec 22, 2019","61.72","60.41","61.97","60.10","1.14M","2.12%"
"Dec 15, 2019","60.44","59.87","61.47","59.71","1.23M","0.62%"
"Dec 08, 2019","60.07","59.11","60.48","58.11","2.71M","1.47%"
"Dec 01, 2019","59.20","55.47","59.85","55.35","3.27M","7.30%"
"Nov 24, 2019","55.17","57.92","58.68","55.02","2.04M","-4.50%"
"Nov 17, 2019","57.77","57.88","58.74","54.76","1.41M","0.09%"
"Nov 10, 2019","57.72","57.40","57.97","56.20","2.53M","0.84%"
"Nov 03, 2019","57.24","56.41","57.88","55.76","2.95M","1.85%"
"Oct 27, 2019","56.20","56.65","56.92","53.71","2.83M","-0.81%"
"Oct 20, 2019","56.66","53.71","56.74","52.71","1.68M","5.36%"
"Oct 13, 2019","53.78","54.90","54.90","52.39","2.02M","-1.68%"
"Oct 06, 2019","54.70","52.69","54.93","51.38","3.20M","3.58%"
"Sep 29, 2019","52.81","56.54","56.57","50.99","2.90M","-5.54%"
"Sep 22, 2019","55.91","59.25","59.39","54.75","2.99M","-3.75%"
"Sep 15, 2019","58.09","61.48","63.38","57.67","2.77M","5.91%"
"Sep 08, 2019","54.85","56.80","58.76","54.00","3.71M","-2.95%"
"Sep 01, 2019","56.52","55.00","57.76","52.84","3.08M","2.58%"
"Aug 25, 2019","55.10","53.25","56.89","52.96","3.29M","1.72%"
"Aug 18, 2019","54.17","54.96","57.13","53.24","2.29M","-1.28%"
"Aug 11, 2019","54.87","54.32","57.47","53.54","2.81M","0.68%"
"Aug 04, 2019","54.50","55.38","55.61","50.52","4.02M","-2.08%"
"Jul 28, 2019","55.66","56.20","58.82","53.59","3.32M","-0.96%"
"Jul 21, 2019","56.20","56.22","57.64","55.33","2.33M","1.02%"
"Jul 14, 2019","55.63","60.25","60.92","54.72","2.10M","-7.61%"
"Jul 07, 2019","60.21","57.77","60.94","57.29","2.83M","4.69%"
"Jun 30, 2019","57.51","59.27","60.28","56.04","2.85M","-1.64%"
"Jun 23, 2019","58.47","57.72","59.93","56.75","3.04M","1.81%"
"Jun 16, 2019","57.43","52.50","57.98","51.50","1.41M","9.37%"
"Jun 09, 2019","52.51","54.24","54.84","50.72","3.64M","-2.74%"
"Jun 02, 2019","53.99","53.42","54.63","50.60","4.38M","0.92%"
"May 26, 2019","53.50","58.94","59.70","53.05","4.02M","-8.75%"
"May 19, 2019","58.63","62.93","63.81","57.33","2.79M","-6.58%"
"May 12, 2019","62.76","61.65","63.64","60.64","3.24M","1.78%"
"May 05, 2019","61.66","61.43","62.95","60.04","3.96M","-0.45%"
"Apr 28, 2019","61.94","62.95","64.75","60.95","3.64M","-2.15%"
"Apr 21, 2019","63.30","64.00","66.60","62.28","3.01M","-1.09%"
"Apr 14, 2019","64.00","63.76","64.61","62.99","1.49M","0.17%"
"Apr 07, 2019","63.89","63.33","64.79","63.13","3.79M","1.28%"
"Mar 31, 2019","63.08","60.24","63.34","60.13","3.64M","4.89%"
"Mar 24, 2019","60.14","58.98","60.73","58.17","3.54M","1.86%"
"Mar 17, 2019","59.04","58.45","60.39","58.05","1.70M","0.89%"
"Mar 10, 2019","58.52","56.07","58.95","55.96","2.94M","4.37%"
"Mar 03, 2019","56.07","55.83","57.19","54.52","3.10M","0.48%"
"Feb 24, 2019","55.80","57.17","57.88","55.02","3.02M","-2.55%"
"Feb 17, 2019","57.26","55.78","57.81","55.29","1.25M","3.00%"
"Feb 10, 2019","55.59","52.66","55.87","51.23","3.07M","5.44%"
"Feb 03, 2019","52.72","55.32","55.75","51.80","3.21M","-4.60%"
"Jan 27, 2019","55.26","53.56","55.66","51.33","3.45M","2.92%"
"Jan 20, 2019","53.69","53.73","54.24","51.80","2.06M","-0.20%"
"Jan 13, 2019","53.80","51.73","53.92","50.38","2.63M","4.28%"
"Jan 06, 2019","51.59","48.30","53.31","48.11","4.11M","7.57%"
"Dec 30, 2018","47.96","45.22","49.22","44.35","2.93M","5.80%"
"Dec 23, 2018","45.33","45.45","47.00","42.36","2.34M","-0.57%"
"Dec 16, 2018","45.59","51.25","51.87","45.13","1.86M","-10.96%"
"Dec 09, 2018","51.20","52.03","53.27","50.35","3.39M","-2.68%"
"Dec 02, 2018","52.61","52.45","54.55","50.08","4.10M","3.30%"
"Nov 25, 2018","50.93","50.62","52.56","49.41","3.87M","1.01%"
"Nov 18, 2018","50.42","56.72","57.44","50.15","2.77M","-10.70%"
"Nov 11, 2018","56.46","60.70","61.28","54.75","3.16M","-6.20%"
"Nov 04, 2018","60.19","62.99","64.14","59.26","3.82M","-4.67%"
"Oct 28, 2018","63.14","67.55","67.95","62.63","3.32M","-6.58%"
"Oct 21, 2018","67.59","69.41","69.66","65.74","2.82M","-2.21%"
"Oct 14, 2018","69.12","71.85","72.70","68.47","2.08M","-3.11%"
"Oct 07, 2018","71.34","74.40","75.28","70.51","3.24M","-4.04%"
"Sep 30, 2018","74.34","73.29","76.90","72.95","3.07M","1.49%"
"Sep 23, 2018","73.25","71.14","73.73","71.14","2.59M","3.49%"
"Sep 16, 2018","70.78","68.93","71.81","68.53","1.67M","2.59%"
"Sep 09, 2018","68.99","67.82","71.26","67.33","3.34M","1.83%"
"Sep 02, 2018","67.75","69.89","71.40","66.86","2.49M","-2.94%"
"Aug 26, 2018","69.80","68.57","70.50","68.21","2.12M","1.57%"
"Aug 19, 2018","68.72","65.91","69.31","65.59","1.69M","4.26%"
"Aug 12, 2018","65.91","67.78","68.37","64.43","2.24M","-2.54%"
"Aug 05, 2018","67.63","68.65","69.92","66.14","2.77M","-1.26%"
"Jul 29, 2018","68.49","69.01","70.43","66.92","2.57M","-0.29%"
"Jul 22, 2018","68.69","68.17","69.92","67.56","2.65M","-2.51%"
"Jul 15, 2018","70.46","70.52","71.10","67.03","1.29M","-0.77%"
"Jul 08, 2018","71.01","73.87","74.70","69.23","3.22M","-3.78%"
"Jul 01, 2018","73.80","73.62","75.27","72.14","2.77M","-0.47%"
"Jun 24, 2018","74.15","68.75","74.46","67.72","3.76M","8.12%"
"Jun 17, 2018","68.58","64.40","69.38","63.59","2.27M","5.41%"
"Jun 10, 2018","65.06","65.56","67.16","64.29","2.68M","-1.03%"
"Jun 03, 2018","65.74","65.71","66.24","64.22","3.37M","-0.11%"
"May 27, 2018","65.81","67.55","68.67","65.51","3.49M","-3.05%"
"May 20, 2018","67.88","71.47","72.83","67.42","2.45M","-4.77%"
"May 13, 2018","71.28","70.54","72.30","70.26","2.76M","0.82%"
"May 06, 2018","70.70","69.85","71.89","67.63","4.26M","1.41%"
"Apr 29, 2018","69.72","68.15","69.97","66.85","3.62M","2.38%"
"Apr 22, 2018","68.10","68.22","69.38","67.11","3.54M","-0.41%"
"Apr 15, 2018","68.38","67.24","69.56","65.56","1.43M","1.47%"
"Apr 08, 2018","67.39","62.00","67.76","61.93","3.77M","8.59%"
"Apr 01, 2018","62.06","64.91","65.42","61.81","3.21M","-4.43%"
"Mar 25, 2018","64.94","65.90","66.55","63.72","2.52M","-1.43%"
"Mar 18, 2018","65.88","62.23","66.00","61.36","2.36M","5.68%"
"Mar 11, 2018","62.34","62.10","62.54","60.11","2.58M","0.48%"
"Mar 04, 2018","62.04","61.55","63.28","59.95","3.49M","1.29%"
"Feb 25, 2018","61.25","63.60","64.24","60.13","3.23M","-3.62%"
"Feb 18, 2018","63.55","61.63","63.73","60.75","1.57M","3.03%"
"Feb 11, 2018","61.68","59.12","61.99","58.20","2.49M","4.19%"
"Feb 04, 2018","59.20","65.10","65.40","58.07","4.58M","-9.55%"
"Jan 28, 2018","65.45","66.18","66.46","63.67","3.50M","-1.04%"
"Jan 21, 2018","66.14","63.61","66.66","63.17","3.04M","4.37%"
"Jan 14, 2018","63.37","64.43","64.89","62.85","1.66M","-1.45%"
"Jan 07, 2018","64.30","61.61","64.77","61.34","3.71M","4.65%"
"Dec 31, 2017","61.44","60.20","62.21","60.10","2.40M","1.69%"
"Dec 24, 2017","60.42","58.40","60.51","58.32","1.65M","3.34%"
"Dec 17, 2017","58.47","57.37","58.50","56.82","1.32M","2.04%"
"Dec 10, 2017","57.30","57.25","58.56","56.09","2.88M","-0.10%"
"Dec 03, 2017","57.36","58.32","58.34","55.82","2.95M","-1.71%"
"Nov 26, 2017","58.36","58.95","58.99","56.75","3.40M","-1.00%"
"Nov 19, 2017","58.95","56.69","59.05","55.57","2.07M","4.24%"
"Nov 12, 2017","56.55","56.90","57.15","54.81","2.24M","-0.33%"
"Nov 05, 2017","56.74","55.97","57.92","55.66","3.74M","1.98%"
"Oct 29, 2017","55.64","54.16","55.76","53.75","2.83M","3.23%"
"Oct 22, 2017","53.90","52.07","54.20","51.55","3.30M","4.72%"
"Oct 15, 2017","51.47","51.43","52.37","50.70","1.31M","0.04%"
"Oct 08, 2017","51.45","49.25","51.72","49.13","3.22M","4.38%"
"Oct 01, 2017","49.29","51.64","51.71","49.10","3.06M","-4.61%"
"Sep 24, 2017","51.67","50.68","52.86","50.39","3.40M","1.99%"
"Sep 17, 2017","50.66","49.85","50.81","49.19","1.42M","1.54%"
"Sep 10, 2017","49.89","47.58","50.50","47.00","3.30M","5.08%"
"Sep 03, 2017","47.48","47.28","49.42","47.15","3.37M","0.40%"
"Aug 27, 2017","47.29","47.89","48.20","45.58","4.36M","-1.21%"
"Aug 20, 2017","47.87","48.72","48.75","47.03","2.35M","-1.32%"
"Aug 13, 2017","48.51","48.79","49.16","46.46","3.21M","-0.63%"
"Aug 06, 2017","48.82","49.59","50.22","47.98","4.55M","-1.53%"
"Jul 30, 2017","49.58","49.85","50.43","48.37","4.22M","-0.26%"
"Jul 23, 2017","49.71","45.62","49.81","45.40","4.13M","8.61%"
"Jul 16, 2017","45.77","46.68","47.55","45.54","1.70M","-1.65%"
"Jul 09, 2017","46.54","44.35","46.74","43.65","4.31M","5.22%"
"Jul 02, 2017","44.23","46.28","47.32","43.78","3.64M","-3.93%"
"Jun 25, 2017","46.04","43.16","46.35","42.63","3.62M","7.04%"
"Jun 18, 2017","43.01","44.68","45.06","42.05","2.58M","-3.87%"
"Jun 11, 2017","44.74","45.80","46.71","44.22","3.07M","-2.38%"
"Jun 04, 2017","45.83","47.71","48.42","45.20","4.38M","-3.84%"
"May 28, 2017","47.66","49.93","50.28","46.74","3.02M","-4.30%"
"May 21, 2017","49.80","50.60","52.00","48.18","3.26M","-1.05%"
"May 14, 2017","50.33","47.85","50.53","47.75","2.32M","5.20%"
"May 07, 2017","47.84","46.35","48.22","45.53","3.51M","3.50%"
"Apr 30, 2017","46.22","49.17","49.32","43.76","3.72M","-6.30%"
"Apr 23, 2017","49.33","49.68","50.22","48.20","3.17M","-0.58%"
"Apr 16, 2017","49.62","52.97","53.21","49.20","1.38M","-6.69%"
"Apr 09, 2017","53.18","52.31","53.76","52.29","2.27M","1.80%"
"Apr 02, 2017","52.24","50.69","52.94","49.88","2.89M","3.24%"
"Mar 26, 2017","50.60","48.12","50.85","47.08","2.63M","5.48%"
"Mar 19, 2017","47.97","48.70","48.74","47.01","1.77M","-1.66%"
"Mar 12, 2017","48.78","48.45","49.62","47.09","2.80M","0.60%"
"Mar 05, 2017","48.49","53.19","53.80","48.31","3.83M","-9.08%"
"Feb 26, 2017","53.33","54.02","54.61","52.54","2.55M","-1.22%"
"Feb 19, 2017","53.99","53.48","54.94","53.35","1.47M","1.10%"
"Feb 12, 2017","53.40","53.80","53.95","52.68","2.08M","-0.85%"
"Feb 05, 2017","53.86","53.81","54.13","51.22","3.02M","0.06%"
"Jan 29, 2017","53.83","53.15","54.34","52.24","2.61M","1.24%"
"Jan 22, 2017","53.17","53.33","54.08","52.21","2.64M","1.43%"
"Jan 15, 2017","52.42","52.55","53.52","50.91","964.85K","0.10%"
"Jan 08, 2017","52.37","53.75","53.83","50.71","3.15M","-3.00%"
"Jan 01, 2017","53.99","54.20","55.24","52.11","2.29M","0.50%"
"Dec 25, 2016","53.72","53.29","54.37","53.03","1.23M","1.32%"
"Dec 18, 2016","53.02","52.15","53.79","51.51","1.31M","2.16%"
"Dec 11, 2016","51.90","52.58","54.51","49.95","2.97M","0.78%"
"Dec 04, 2016","51.50","51.46","52.42","49.61","3.49M","-0.35%"
"Nov 27, 2016","51.68","45.43","51.80","44.82","4.42M","12.20%"
"Nov 20, 2016","46.06","45.83","49.20","45.77","1.88M","0.81%"
"Nov 13, 2016","45.69","43.20","46.58","42.20","2.51M","5.25%"
"Nov 06, 2016","43.41","44.45","45.95","43.03","3.54M","-1.50%"
"Oct 30, 2016","44.07","48.25","48.74","43.57","3.44M","-9.51%"
"Oct 23, 2016","48.70","50.85","50.98","48.42","2.95M","-4.23%"
"Oct 16, 2016","50.85","50.23","51.93","49.47","1.32M","0.99%"
"Oct 09, 2016","50.35","49.57","51.60","49.15","3.25M","1.08%"
"Oct 02, 2016","49.81","48.04","50.74","47.78","2.66M","3.25%"
"Sep 25, 2016","48.24","44.62","48.32","44.19","3.37M","8.45%"
"Sep 18, 2016","44.48","43.18","46.55","42.55","1.99M","3.37%"
"Sep 11, 2016","43.03","45.57","46.51","42.74","2.88M","-6.21%"
"Sep 04, 2016","45.88","44.15","47.75","43.84","2.96M","3.24%"
"Aug 28, 2016","44.44","47.22","47.49","43.00","2.50M","-6.72%"
"Aug 21, 2016","47.64","48.40","48.46","46.42","2.28M","-1.81%"
"Aug 14, 2016","48.52","44.74","48.75","44.38","2.03M","9.06%"
"Aug 07, 2016","44.49","41.99","44.78","41.10","3.08M","6.44%"
"Jul 31, 2016","41.80","41.35","42.10","39.19","2.87M","0.48%"
"Jul 24, 2016","41.60","44.20","44.37","40.57","2.32M","-5.86%"
"Jul 17, 2016","44.19","46.12","46.14","43.69","1.23M","-3.83%"
"Jul 10, 2016","45.95","45.07","46.93","44.42","2.88M","1.19%"
"Jul 03, 2016","45.41","49.11","49.35","44.77","2.51M","-7.31%"
"Jun 26, 2016","48.99","47.81","50.00","45.83","2.43M","2.83%"
"Jun 19, 2016","47.64","48.29","50.54","46.70","1.75M","-0.71%"
"Jun 12, 2016","47.98","48.85","49.28","45.83","2.22M","-2.22%"
"Jun 05, 2016","49.07","48.88","51.67","48.71","2.81M","0.93%"
"May 29, 2016","48.62","49.54","50.10","47.75","2.09M","-1.44%"
"May 22, 2016","49.33","48.46","50.21","47.40","2.40M","3.31%"
"May 15, 2016","47.75","46.28","48.95","46.15","1.50M","3.33%"
"May 08, 2016","46.21","45.00","47.02","43.03","3.58M","3.47%"
"May 01, 2016","44.66","45.90","46.15","43.22","3.24M","-2.74%"
"Apr 24, 2016","45.92","43.75","46.78","42.50","2.90M","5.01%"
"Apr 17, 2016","43.73","38.75","44.49","37.61","1.72M","8.35%"
"Apr 10, 2016","40.36","39.72","42.42","39.25","3.22M","1.61%"
"Apr 03, 2016","39.72","36.61","39.84","35.24","3.23M","7.96%"
"Mar 27, 2016","36.79","39.55","40.14","36.63","2.41M","-6.77%"
"Mar 20, 2016","39.46","39.06","41.90","38.33","1.48M","0.05%"
"Mar 13, 2016","39.44","38.17","41.20","35.96","1.86M","2.44%"
"Mar 06, 2016","38.50","36.20","39.02","36.09","3.42M","7.18%"
"Feb 28, 2016","35.92","32.72","36.34","32.32","2.77M","9.58%"
"Feb 21, 2016","32.78","29.72","34.69","29.48","2.48M","10.59%"
"Feb 14, 2016","29.64","29.08","31.98","28.70","1.56M","0.68%"
"Feb 07, 2016","29.44","30.97","31.38","26.05","3.59M","-4.69%"
"Jan 31, 2016","30.89","33.83","34.18","29.40","3.32M","-8.12%"
"Jan 24, 2016","33.62","32.05","34.82","29.25","3.44M","4.44%"
"Jan 17, 2016","32.19","29.20","32.35","26.19","1.55M","9.42%"
"Jan 10, 2016","29.42","32.94","33.20","29.13","2.78M","-11.28%"
"Jan 03, 2016","33.16","37.60","38.39","32.10","2.62M","-10.48%"
"Dec 27, 2015","37.04","38.00","38.09","36.22","1.01M","-2.78%"
"Dec 20, 2015","38.10","34.58","38.28","33.98","910.08K","9.70%"
"Dec 13, 2015","34.73","35.40","37.88","34.29","1.74M","-2.50%"
"Dec 06, 2015","35.62","40.10","40.15","35.16","3.07M","-10.88%"
"Nov 29, 2015","39.97","41.77","42.61","39.60","2.34M","-4.17%"
"Nov 22, 2015","41.71","41.49","43.46","40.41","1.65M","3.27%"
"Nov 15, 2015","40.39","40.92","42.25","38.99","1.32M","-0.86%"
"Nov 08, 2015","40.74","44.52","45.12","40.22","2.46M","-8.02%"
"Nov 01, 2015","44.29","46.43","48.36","44.11","2.09M","-4.94%"
"Oct 25, 2015","46.59","44.74","47.03","42.58","1.99M","4.46%"
"Oct 18, 2015","44.60","47.27","47.49","44.20","1.28M","-5.63%"
"Oct 11, 2015","47.26","49.51","50.13","45.23","1.79M","-4.78%"
"Oct 04, 2015","49.63","45.65","50.92","45.21","2.34M","8.98%"
"Sep 27, 2015","45.54","45.38","47.10","43.97","1.79M","-0.35%"
"Sep 20, 2015","45.70","44.97","47.15","43.71","1.26M","2.28%"
"Sep 13, 2015","44.68","44.78","47.71","43.59","1.66M","0.11%"
"Sep 06, 2015","44.63","45.82","46.41","43.36","1.83M","-3.08%"
"Aug 30, 2015","46.05","45.00","49.33","43.21","3.09M","1.84%"
"Aug 23, 2015","45.22","40.30","45.90","37.75","2.41M","11.79%"
"Aug 16, 2015","40.45","42.18","42.90","39.86","1.02M","-4.82%"
"Aug 09, 2015","42.50","43.58","45.34","41.35","2.26M","-3.12%"
"Aug 02, 2015","43.87","46.86","46.94","43.70","1.79M","-6.90%"
"Jul 26, 2015","47.12","48.00","49.52","46.68","1.56M","-2.12%"
"Jul 19, 2015","48.14","50.76","51.26","47.72","1.07M","-5.40%"
"Jul 12, 2015","50.89","52.15","53.50","50.14","1.64M","-3.51%"
"Jul 05, 2015","52.74","56.42","56.79","50.58","2.23M","-7.36%"
"Jun 28, 2015","56.93","58.84","59.69","56.50","1.24M","-4.53%"
"Jun 21, 2015","59.63","59.44","61.57","58.76","1.13M","0.03%"
"Jun 14, 2015","59.61","59.90","61.38","58.73","1.20M","-0.58%"
"Jun 07, 2015","59.96","58.96","61.82","57.86","1.80M","1.40%"
"May 31, 2015","59.13","60.29","61.58","56.83","1.83M","-1.94%"
"May 24, 2015","60.30","60.05","60.70","56.51","1.44M","0.97%"
"May 17, 2015","59.72","59.85","60.94","57.09","1.02M","0.05%"
"May 10, 2015","59.69","59.43","61.85","58.42","1.74M","0.51%"
"May 03, 2015","59.39","59.30","62.58","58.14","1.90M","0.41%"
"Apr 26, 2015","59.15","57.30","59.90","56.07","1.53M","3.50%"
"Apr 19, 2015","57.15","56.16","58.41","54.85","1.22M","2.53%"
"Apr 12, 2015","55.74","51.81","57.42","51.47","1.96M","7.94%"
"Apr 05, 2015","51.64","49.47","54.13","49.47","2.27M","5.09%"
"Mar 29, 2015","49.14","48.57","50.45","47.05","1.63M","0.55%"
"Mar 22, 2015","48.87","46.41","52.48","45.33","1.90M","6.89%"
"Mar 15, 2015","45.72","44.81","46.53","42.03","1.06M","1.96%"
"Mar 08, 2015","44.84","49.60","50.79","44.75","1.96M","-9.61%"
"Mar 01, 2015","49.61","49.45","52.40","48.71","2.04M","-0.30%"
"Feb 22, 2015","49.76","50.75","51.28","47.80","2.06M","-1.15%"
"Feb 15, 2015","50.34","52.75","54.15","49.15","932.15K","-4.62%"
"Feb 08, 2015","52.78","52.01","53.99","48.05","2.56M","2.11%"
"Feb 01, 2015","51.69","47.59","54.24","46.67","2.92M","7.15%"
"Jan 25, 2015","48.24","45.20","48.35","43.58","1.74M","5.81%"
"Jan 18, 2015","45.59","48.69","49.09","45.21","1.19M","-6.37%"
"Jan 11, 2015","48.69","48.19","51.27","44.20","2.04M","0.68%"
"Jan 04, 2015","48.36","52.61","52.73","46.83","2.07M","-8.22%"
"Dec 28, 2014","52.69","55.05","55.74","52.03","962.16K","-3.73%"
"Dec 21, 2014","54.73","57.75","58.53","54.51","853.49K","-3.17%"
"Dec 14, 2014","56.52","57.07","58.98","53.60","1.43M","-2.23%"
"Dec 07, 2014","57.81","65.46","65.55","57.34","1.92M","-12.20%"
"Nov 30, 2014","65.84","66.00","69.54","63.72","1.67M","-0.47%"
"Nov 23, 2014","66.15","76.62","77.02","65.69","1.30M","-13.54%"
"Nov 16, 2014","76.51","75.93","77.83","73.88","885.52K","0.91%"
"Nov 09, 2014","75.82","78.50","79.85","73.25","1.80M","-3.60%"
"Nov 02, 2014","78.65","80.59","80.98","75.84","1.87M","-2.35%"
"Oct 26, 2014","80.54","81.27","82.88","79.44","1.36M","-0.58%"
"Oct 19, 2014","81.01","83.13","84.05","80.05","1.09M","-2.10%"
"Oct 12, 2014","82.75","85.20","85.87","79.78","1.85M","-3.58%"
"Oct 05, 2014","85.82","89.77","90.74","83.59","1.69M","-4.37%"
"Sep 28, 2014","89.74","93.35","94.90","88.18","1.87M","-4.06%"
"Sep 21, 2014","93.54","92.22","93.86","90.58","1.06M","1.22%"
"Sep 14, 2014","92.41","92.13","95.19","90.63","1.12M","0.15%"
"Sep 07, 2014","92.27","93.49","93.94","90.43","1.55M","-1.09%"
"Aug 31, 2014","93.29","95.81","95.91","92.68","1.13M","-2.78%"
"Aug 24, 2014","95.96","93.34","96.00","93.05","985.87K","2.47%"
"Aug 17, 2014","93.65","97.10","97.16","92.50","707.27K","-3.80%"
"Aug 10, 2014","97.35","97.54","98.58","95.26","1.36M","-0.31%"
"Aug 03, 2014","97.65","97.67","98.67","96.55","1.26M","-0.23%"
"Jul 27, 2014","97.88","101.87","102.10","97.09","1.33M","-4.12%"
"Jul 20, 2014","102.09","102.97","105.25","101.00","910.15K","-1.01%"
"Jul 13, 2014","103.13","100.46","103.94","99.01","1.34M","2.28%"
"Jul 06, 2014","100.83","104.06","104.20","100.44","1.20M","-3.10%"
"Jun 29, 2014","104.06","105.69","106.09","103.67","847.02K","-1.59%"
"Jun 22, 2014","105.74","107.42","107.50","105.03","924.44K","-1.42%"
"Jun 15, 2014","107.26","106.88","107.73","105.32","788.81K","0.33%"
"Jun 08, 2014","106.91","102.78","107.68","102.62","1.27M","4.14%"
"Jun 01, 2014","102.66","102.92","103.69","101.60","925.95K","-0.05%"
"May 25, 2014","102.71","104.34","104.50","102.40","788.76K","-1.57%"
"May 18, 2014","104.35","102.13","104.50","101.97","761.30K","2.28%"
"May 11, 2014","102.02","100.12","102.65","99.93","1.12M","2.03%"
"May 04, 2014","99.99","99.96","101.18","98.91","1.26M","0.23%"
"Apr 27, 2014","99.76","100.49","102.20","98.74","1.18M","-0.83%"
"Apr 20, 2014","100.60","104.54","104.77","100.48","836.11K","-3.55%"
"Apr 13, 2014","104.30","103.56","104.99","102.91","923.80K","0.54%"
"Apr 06, 2014","103.74","100.91","104.44","99.92","1.36M","2.57%"
"Mar 30, 2014","101.14","101.69","101.97","98.86","1.03M","-0.52%"
"Mar 23, 2014","101.67","99.49","102.24","98.80","948.62K","2.22%"
"Mar 16, 2014","99.46","99.39","100.82","97.37","755.38K","0.58%"
"Mar 09, 2014","98.89","102.75","102.82","97.55","1.43M","-3.60%"
"Mar 02, 2014","102.58","103.00","105.22","100.13","1.29M","-0.01%"
"Feb 23, 2014","102.59","102.29","103.45","101.02","936.36K","0.38%"
"Feb 16, 2014","102.20","100.32","103.80","100.23","503.06K","1.89%"
"Feb 09, 2014","100.30","100.05","101.38","99.11","1.26M","0.42%"
"Feb 02, 2014","99.88","97.40","100.24","96.26","1.24M","2.45%"
"Jan 26, 2014","97.49","96.90","98.59","95.21","1.09M","0.88%"
"Jan 19, 2014","96.64","94.00","97.84","93.43","801.73K","2.41%"
"Jan 12, 2014","94.37","92.83","94.94","91.43","1.00M","1.78%"
"Jan 05, 2014","92.72","94.18","94.59","91.24","1.12M","-1.32%"
"Dec 29, 2013","93.96","100.15","100.42","93.86","699.03K","-6.34%"
"Dec 22, 2013","100.32","99.20","100.75","98.53","352.01K","1.01%"
"Dec 15, 2013","99.32","96.55","99.40","96.21","567.20K","2.82%"
"Dec 08, 2013","96.60","97.66","98.75","96.26","1.19M","-1.08%"
"Dec 01, 2013","97.65","92.71","98.07","92.56","1.32M","5.32%"
"Nov 24, 2013","92.72","94.15","94.69","91.77","805.12K","-2.24%"
"Nov 17, 2013","94.84","93.78","95.63","92.43","808.33K","1.07%"
"Nov 10, 2013","93.84","94.45","95.38","92.51","1.38M","-0.80%"
"Nov 03, 2013","94.60","94.52","95.40","93.07","1.23M","-0.01%"
"Oct 27, 2013","94.61","97.88","98.82","94.36","1.22M","-3.31%"
"Oct 20, 2013","97.85","100.63","100.95","95.95","919.12K","-2.94%"
"Oct 13, 2013","100.81","101.37","102.97","100.03","1.03M","-1.19%"
"Oct 06, 2013","102.02","103.45","104.08","100.60","1.34M","-1.75%"
"Sep 29, 2013","103.84","102.46","104.38","101.05","1.14M","0.94%"
"Sep 22, 2013","102.87","104.89","105.12","102.20","1.14M","-1.73%"
"Sep 15, 2013","104.68","107.50","108.99","104.32","966.73K","-3.26%"
"Sep 08, 2013","108.21","110.28","110.46","106.39","1.29M","-2.10%"
"Sep 01, 2013","110.53","107.07","110.70","104.21","967.15K","2.68%"
"Aug 25, 2013","107.65","106.91","112.24","105.56","1.29M","1.16%"
"Aug 18, 2013","106.42","107.78","107.80","103.50","866.14K","-0.97%"
"Aug 11, 2013","107.46","105.84","108.17","105.03","1.24M","1.41%"
"Aug 04, 2013","105.97","106.84","107.69","102.22","1.40M","-0.91%"
"Jul 28, 2013","106.94","104.61","108.82","102.67","1.26M","2.14%"
"Jul 21, 2013","104.70","108.34","108.79","103.90","1.03M","-3.10%"
"Jul 14, 2013","108.05","106.05","109.32","104.65","992.85K","1.98%"
"Jul 07, 2013","105.95","103.95","107.45","102.13","1.50M","2.64%"
"Jun 30, 2013","103.22","96.58","103.68","96.07","1.12M","6.90%"
"Jun 23, 2013","96.56","93.85","97.82","92.67","1.39M","3.06%"
"Jun 16, 2013","93.69","97.85","99.01","93.12","867.35K","-4.25%"
"Jun 09, 2013","97.85","96.09","98.25","94.04","1.20M","1.90%"
"Jun 02, 2013","96.03","91.73","96.39","91.26","1.46M","4.41%"
"May 26, 2013","91.97","93.89","95.92","91.56","1.10M","-2.32%"
"May 19, 2013","94.15","95.93","97.11","92.21","982.74K","-1.95%"
"May 12, 2013","96.02","95.76","96.45","92.13","1.41M","-0.02%"
"May 05, 2013","96.04","95.58","97.17","93.37","1.43M","0.45%"
"Apr 28, 2013","95.61","92.70","96.04","90.11","1.43M","2.81%"
"Apr 21, 2013","93.00","87.96","93.87","87.55","1.09M","5.67%"
"Apr 14, 2013","88.01","90.95","90.98","85.61","1.27M","-3.59%"
"Apr 07, 2013","91.29","93.02","94.82","90.27","1.24M","-1.52%"
"Mar 31, 2013","92.70","97.36","97.80","91.91","1.33M","-4.66%"
"Mar 24, 2013","97.23","93.72","97.35","93.70","867.16K","3.76%"
"Mar 17, 2013","93.71","93.26","94.09","91.76","692.56K","0.28%"
"Mar 10, 2013","93.45","91.83","93.84","90.89","1.08M","1.63%"
"Mar 03, 2013","91.95","90.71","92.03","89.33","1.14M","1.40%"
"Feb 24, 2013","90.68","93.23","94.46","90.04","1.12M","-2.63%"
"Feb 17, 2013","93.13","95.97","97.07","92.44","639.29K","-2.85%"
"Feb 10, 2013","95.86","95.79","98.11","94.97","1.17M","0.15%"
"Feb 03, 2013","95.72","97.72","97.76","95.04","1.17M","-2.10%"
"Jan 27, 2013","97.77","96.04","98.24","95.47","1.13M","1.97%"
"Jan 20, 2013","95.88","95.25","96.92","94.95","772.87K","0.33%"
"Jan 13, 2013","95.56","93.74","96.04","92.95","1.04M","2.14%"
"Jan 06, 2013","93.56","93.21","94.70","92.42","1.10M","0.50%"
"Dec 30, 2012","93.09","90.41","93.87","90.00","723.95K","2.52%"
"Dec 23, 2012","90.80","88.60","91.49","88.20","474.26K","2.41%"
"Dec 16, 2012","88.66","86.88","90.54","86.48","645.68K","2.23%"
"Dec 09, 2012","86.73","85.98","87.68","85.21","1.18M","0.93%"
"Dec 02, 2012","85.93","88.85","90.33","85.68","1.18M","-3.35%"
"Nov 25, 2012","88.91","88.21","88.99","85.36","1.10M","0.71%"
"Nov 18, 2012","88.28","87.30","89.80","86.17","895.63K","1.86%"
"Nov 11, 2012","86.67","86.19","87.01","84.57","1.11M","0.70%"
"Nov 04, 2012","86.07","84.65","89.22","84.05","1.57M","1.43%"
"Oct 28, 2012","84.86","86.43","87.42","84.66","959.02K","-1.65%"
"Oct 21, 2012","86.28","89.52","90.80","84.94","1.05M","-4.19%"
"Oct 14, 2012","90.05","91.63","93.05","89.79","1.04M","-1.97%"
"Oct 07, 2012","91.86","89.85","93.66","88.21","1.38M","2.20%"
"Sep 30, 2012","89.88","92.15","93.33","87.70","1.30M","-2.51%"
"Sep 23, 2012","92.19","93.18","93.20","88.95","1.15M","-0.75%"
"Sep 16, 2012","92.89","99.15","99.52","90.66","848.69K","-6.17%"
"Sep 09, 2012","99.00","96.24","100.42","95.34","1.23M","2.68%"
"Sep 02, 2012","96.42","96.38","97.71","94.08","1.11M","-0.05%"
"Aug 26, 2012","96.47","96.67","97.72","93.95","1.06M","0.33%"
"Aug 19, 2012","96.15","96.36","98.29","95.02","793.20K","0.15%"
"Aug 12, 2012","96.01","93.25","96.28","92.05","1.14M","3.38%"
"Aug 05, 2012","92.87","91.34","94.72","90.63","1.21M","1.61%"
"Jul 29, 2012","91.40","90.14","91.74","86.92","1.36M","1.41%"
"Jul 22, 2012","90.13","91.61","91.64","86.84","1.33M","-1.43%"
"Jul 15, 2012","91.44","87.13","92.94","86.41","803.78K","4.98%"
"Jul 08, 2012","87.10","84.20","87.61","83.65","1.36M","3.14%"
"Jul 01, 2012","84.45","84.65","88.98","82.10","1.30M","-0.60%"
"Jun 24, 2012","84.96","80.20","85.34","77.28","1.50M","6.52%"
"Jun 17, 2012","79.76","85.09","85.60","77.56","1.03M","-5.08%"
"Jun 10, 2012","84.03","85.72","86.64","81.07","1.49M","-0.08%"
"Jun 03, 2012","84.10","82.96","87.03","81.21","1.51M","1.05%"
"May 27, 2012","83.23","91.00","92.21","82.29","1.31M","-8.40%"
"May 20, 2012","90.86","91.27","93.06","89.28","795.57K","-0.68%"
"May 13, 2012","91.48","95.79","95.83","90.93","1.34M","-4.84%"
"May 06, 2012","96.13","98.05","98.24","95.17","1.51M","-2.40%"
"Apr 29, 2012","98.49","104.93","106.43","97.51","1.47M","-6.14%"
"Apr 22, 2012","104.93","103.82","105.00","101.82","1.06M","1.82%"
"Apr 15, 2012","103.05","102.80","105.07","101.67","840.27K","0.21%"
"Apr 08, 2012","102.83","102.53","104.24","100.68","1.30M","-0.46%"
"Apr 01, 2012","103.31","103.27","105.49","101.08","1.07M","0.28%"
"Mar 25, 2012","103.02","106.79","107.73","102.13","1.24M","-3.60%"
"Mar 18, 2012","106.87","107.18","108.25","104.50","945.14K","-0.18%"
"Mar 11, 2012","107.06","107.50","107.56","103.78","1.36M","-0.32%"
"Mar 04, 2012","107.40","106.75","108.20","104.35","1.49M","0.66%"
"Feb 26, 2012","106.70","109.67","110.55","104.84","1.60M","-2.80%"
"Feb 19, 2012","109.77","104.65","109.95","104.26","867.68K","6.33%"
"Feb 12, 2012","103.24","99.33","104.14","99.09","1.19M","4.63%"
"Feb 05, 2012","98.67","97.74","100.18","95.84","1.63M","0.85%"
"Jan 29, 2012","97.84","100.00","101.29","95.44","1.53M","-1.73%"
"Jan 22, 2012","99.56","98.34","101.39","97.40","1.32M","1.12%"
"Jan 15, 2012","98.46","98.95","102.06","97.91","746.50K","-0.24%"
"Jan 08, 2012","98.70","101.92","103.41","97.70","1.62M","-2.82%"
"Jan 01, 2012","101.56","99.70","103.74","99.65","1.13M","2.76%"
"Dec 25, 2011","98.83","99.92","101.77","98.30","596.87K","-0.85%"
"Dec 18, 2011","99.68","93.76","100.23","92.54","616.74K","6.58%"
"Dec 11, 2011","93.53","99.58","101.25","92.52","1.52M","-5.91%"
"Dec 04, 2011","99.41","101.23","102.44","97.36","1.45M","-1.54%"
"Nov 27, 2011","100.96","97.50","101.75","97.13","1.46M","4.33%"
"Nov 20, 2011","96.77","97.54","98.70","94.99","1.07M","-0.66%"
"Nov 13, 2011","97.41","99.30","103.37","96.64","1.32M","-1.60%"
"Nov 06, 2011","98.99","94.40","99.40","93.23","1.71M","5.02%"
"Oct 30, 2011","94.26","93.53","94.93","89.17","1.44M","1.01%"
"Oct 23, 2011","93.32","87.05","94.65","87.00","1.99M","6.77%"
"Oct 16, 2011","87.40","87.48","89.51","84.10","870.90K","0.69%"
"Oct 09, 2011","86.80","82.75","87.42","82.75","1.56M","4.60%"
"Oct 02, 2011","82.98","78.92","84.00","74.95","1.92M","4.77%"
"Sep 25, 2011","79.20","79.64","84.77","77.11","1.64M","-0.81%"
"Sep 18, 2011","79.85","87.75","87.99","77.55","1.35M","-9.22%"
"Sep 11, 2011","87.96","86.70","90.52","85.00","1.56M","0.83%"
"Sep 04, 2011","87.24","86.46","90.48","83.20","1.32M","0.91%"
"Aug 28, 2011","86.45","85.33","89.90","85.11","1.43M","1.27%"
"Aug 21, 2011","85.37","82.42","86.59","81.13","1.32M","3.78%"
"Aug 14, 2011","82.26","85.59","89.00","79.17","1.49M","-3.65%"
"Aug 07, 2011","85.38","85.71","87.37","75.71","2.50M","-1.73%"
"Jul 31, 2011","86.88","96.20","98.60","82.87","2.13M","-9.22%"
"Jul 24, 2011","95.70","99.76","100.62","94.95","1.36M","-4.18%"
"Jul 17, 2011","99.87","97.37","100.19","94.69","894.54K","2.70%"
"Jul 10, 2011","97.24","96.10","99.21","93.55","1.68M","1.08%"
"Jul 03, 2011","96.20","94.98","99.42","94.34","1.25M","1.33%"
"Jun 26, 2011","94.94","91.16","95.84","89.61","1.45M","4.15%"
"Jun 19, 2011","91.16","92.80","95.70","89.69","1.30M","-1.99%"
"Jun 12, 2011","93.01","98.77","99.95","91.84","1.82M","-6.32%"
"Jun 05, 2011","99.29","100.42","102.44","97.74","1.91M","-0.93%"
"May 29, 2011","100.22","100.69","103.39","98.12","1.44M","-0.37%"
"May 22, 2011","100.59","99.68","101.90","96.37","1.54M","1.11%"
"May 15, 2011","99.49","99.36","100.99","95.02","1.20M","-0.16%"
"May 08, 2011","99.65","98.11","104.60","95.25","2.32M","2.54%"
"May 01, 2011","97.18","113.89","114.83","94.63","2.22M","-14.70%"
"Apr 24, 2011","113.93","112.34","114.18","110.71","1.29M","1.46%"
"Apr 17, 2011","112.29","109.43","112.48","105.50","707.27K","2.40%"
"Apr 10, 2011","109.66","113.28","113.46","105.31","1.95M","-2.78%"
"Apr 03, 2011","112.79","108.29","113.21","107.50","1.39M","4.49%"
"Mar 27, 2011","107.94","105.43","108.47","102.70","1.28M","2.41%"
"Mar 20, 2011","105.40","102.12","106.69","101.43","884.12K","4.28%"
"Mar 13, 2011","101.07","100.31","103.66","96.22","1.52M","-0.09%"
"Mar 06, 2011","101.16","104.65","106.95","99.01","1.95M","-3.12%"
"Feb 27, 2011","104.42","98.50","105.17","96.37","1.78M","6.68%"
"Feb 20, 2011","97.88","86.33","103.41","86.25","1.34M","13.55%"
"Feb 13, 2011","86.20","85.50","87.88","83.85","1.23M","0.72%"
"Feb 06, 2011","85.58","89.06","89.54","85.10","1.91M","-3.88%"
"Jan 30, 2011","89.03","89.97","92.84","88.40","1.79M","-0.35%"
"Jan 23, 2011","89.34","89.26","89.73","85.11","2.00M","0.26%"
"Jan 16, 2011","89.11","91.51","92.10","88.00","635.23K","-2.65%"
"Jan 09, 2011","91.54","89.00","92.39","88.13","1.91M","3.99%"
"Jan 02, 2011","88.03","91.31","92.58","87.25","1.94M","-3.67%"
"Dec 26, 2010","91.38","91.07","92.06","89.02","707.24K","-0.14%"
"Dec 19, 2010","91.51","88.18","91.63","87.26","552.76K","3.97%"
"Dec 12, 2010","88.02","87.68","89.49","86.83","1.34M","0.26%"
"Dec 05, 2010","87.79","89.44","90.76","87.10","1.81M","-1.57%"
"Nov 28, 2010","89.19","83.90","89.49","83.55","1.70M","6.48%"
"Nov 21, 2010","83.76","82.15","84.53","80.28","1.14M","2.76%"
"Nov 14, 2010","81.51","84.87","85.77","80.06","1.30M","-3.97%"
"Nov 07, 2010","84.88","87.39","88.63","84.52","1.97M","-2.27%"
"Oct 31, 2010","86.85","81.45","87.43","81.32","1.67M","6.66%"
"Oct 24, 2010","81.43","82.01","83.28","80.52","1.59M","-0.32%"
"Oct 17, 2010","81.69","81.38","83.28","79.25","1.05M","0.54%"
"Oct 10, 2010","81.25","82.95","84.12","80.75","1.58M","-1.71%"
"Oct 03, 2010","82.66","81.68","84.43","80.30","1.86M","1.32%"
"Sep 26, 2010","81.58","76.47","81.75","75.52","1.79M","6.65%"
"Sep 19, 2010","76.49","73.59","76.68","72.81","1.10M","3.84%"
"Sep 12, 2010","73.66","76.36","78.04","72.75","1.61M","-3.65%"
"Sep 05, 2010","76.45","74.30","76.73","72.63","1.57M","2.48%"
"Aug 29, 2010","74.60","75.50","75.58","71.53","1.85M","-0.76%"
"Aug 22, 2010","75.17","73.90","75.59","70.76","1.78M","2.33%"
"Aug 15, 2010","73.46","75.60","76.63","73.19","988.60K","-2.56%"
"Aug 08, 2010","75.39","80.91","81.76","75.01","1.79M","-6.58%"
"Aug 01, 2010","80.70","78.95","82.97","78.83","1.52M","2.22%"
"Jul 25, 2010","78.95","78.98","79.69","75.90","1.56M","-0.04%"
"Jul 18, 2010","78.98","75.72","79.60","75.50","1.14M","3.91%"
"Jul 11, 2010","76.01","76.30","78.15","74.25","1.63M","-0.11%"
"Jul 04, 2010","76.09","72.06","76.48","71.09","1.21M","5.48%"
"Jun 27, 2010","72.14","79.00","79.38","71.62","1.57M","-8.52%"
"Jun 20, 2010","78.86","77.50","79.19","75.17","1.09M","2.18%"
"Jun 13, 2010","77.18","74.06","78.13","74.04","1.41M","4.61%"
"Jun 06, 2010","73.78","70.35","76.30","69.51","2.13M","3.17%"
"May 30, 2010","71.51","73.97","75.42","70.73","1.72M","-3.33%"
"May 23, 2010","73.97","70.62","75.72","67.15","1.90M","5.61%"
"May 16, 2010","70.04","71.79","72.52","64.24","1.17M","-2.19%"
"May 09, 2010","71.61","76.11","78.51","70.83","2.27M","-4.66%"
"May 02, 2010","75.11","86.20","87.15","74.51","2.54M","-12.81%"
"Apr 25, 2010","86.15","85.22","86.50","81.29","1.99M","1.21%"
"Apr 18, 2010","85.12","82.92","85.19","80.53","1.34M","2.26%"
"Apr 11, 2010","83.24","85.17","86.39","82.51","1.94M","-1.98%"
"Apr 04, 2010","84.92","85.31","87.09","84.12","1.75M","0.06%"
"Mar 28, 2010","84.87","80.24","85.37","80.18","1.16M","6.09%"
"Mar 21, 2010","80.00","80.93","82.20","78.57","1.22M","-0.84%"
"Mar 14, 2010","80.68","81.13","83.09","79.13","1.21M","-0.69%"
"Mar 07, 2010","81.24","81.79","83.16","80.16","1.67M","-0.32%"
"Feb 28, 2010","81.50","79.84","82.07","78.06","1.49M","2.31%"
"Feb 21, 2010","79.66","80.10","80.51","77.05","1.31M","-0.19%"
"Feb 14, 2010","79.81","74.02","80.10","73.71","1.11M","7.66%"
"Feb 07, 2010","74.13","72.18","75.69","70.77","2.00M","4.13%"
"Jan 31, 2010","71.19","72.84","78.04","69.50","2.16M","-2.33%"
"Jan 24, 2010","72.89","74.24","75.42","72.43","1.52M","-2.21%"
"Jan 17, 2010","74.54","77.85","79.15","74.01","903.80K","-4.44%"
"Jan 10, 2010","78.00","82.88","83.95","77.70","1.51M","-5.74%"
"Jan 03, 2010","82.75","79.63","83.52","79.63","1.45M","4.27%"
"Dec 27, 2009","79.36","77.92","80.00","77.76","522.43K","1.68%"
"Dec 20, 2009","78.05","73.05","78.25","71.99","530.89K","6.39%"
"Dec 13, 2009","73.36","69.63","74.69","68.59","1.13M","4.99%"
"Dec 06, 2009","69.87","75.80","76.10","69.46","2.06M","-7.42%"
"Nov 29, 2009","75.47","76.05","79.04","74.85","1.77M","-0.76%"
"Nov 22, 2009","76.05","77.80","79.92","72.39","1.43M","-0.87%"
"Nov 15, 2009","76.72","76.58","80.33","76.20","1.14M","0.48%"
"Nov 08, 2009","76.35","77.87","80.51","75.57","1.74M","-1.39%"
"Nov 01, 2009","77.43","77.02","81.06","76.55","1.76M","0.56%"
"Oct 25, 2009","77.00","79.65","81.58","76.85","1.87M","-4.35%"
"Oct 18, 2009","80.50","78.56","82.00","77.64","1.16M","2.51%"
"Oct 11, 2009","78.53","72.24","78.75","72.05","1.51M","9.42%"
"Oct 04, 2009","71.77","69.81","72.55","68.05","1.73M","2.60%"
"Sep 27, 2009","69.95","66.15","71.39","65.41","1.51M","5.95%"
"Sep 20, 2009","66.02","71.78","72.20","65.05","1.15M","-8.36%"
"Sep 13, 2009","72.04","69.15","73.16","68.02","1.24M","3.97%"
"Sep 06, 2009","69.29","67.87","72.90","67.54","1.43M","1.87%"
"Aug 30, 2009","68.02","71.00","73.36","67.05","1.35M","-6.49%"
"Aug 23, 2009","72.74","73.75","75.00","69.83","1.30M","-1.56%"
"Aug 16, 2009","73.89","67.69","74.72","65.23","856.18K","9.45%"
"Aug 09, 2009","67.51","70.67","72.21","67.12","1.68M","-4.82%"
"Aug 02, 2009","70.93","69.30","72.84","69.09","1.61M","2.13%"
"Jul 26, 2009","69.45","68.05","69.74","62.70","1.59M","2.06%"
"Jul 19, 2009","68.05","63.38","68.20","63.19","1.02M","7.06%"
"Jul 12, 2009","63.56","59.86","63.99","58.32","1.32M","6.13%"
"Jul 05, 2009","59.89","66.49","67.17","58.72","1.43M","-10.25%"
"Jun 28, 2009","66.73","69.25","73.38","66.26","1.11M","-3.51%"
"Jun 21, 2009","69.16","69.89","71.29","66.25","1.02M","-0.56%"
"Jun 14, 2009","69.55","72.20","72.77","68.90","1.07M","-3.46%"
"Jun 07, 2009","72.04","68.32","73.23","66.78","1.49M","5.26%"
"May 31, 2009","68.44","66.48","70.32","64.95","1.46M","3.21%"
"May 24, 2009","66.31","61.50","66.64","59.53","1.07M","7.52%"
"May 17, 2009","61.67","56.47","62.26","56.12","869.41K","9.46%"
"May 10, 2009","56.34","58.49","60.08","56.07","1.38M","-3.91%"
"May 03, 2009","58.63","52.62","58.75","52.56","1.47M","10.21%"
"Apr 26, 2009","53.20","51.45","53.65","48.01","1.14M","3.20%"
"Apr 19, 2009","51.55","50.16","51.75","43.83","810.64K","2.42%"
"Apr 12, 2009","50.33","52.00","52.15","48.84","1.14M","-3.66%"
"Apr 05, 2009","52.24","52.40","53.60","47.37","1.13M","-0.51%"
"Mar 29, 2009","52.51","52.25","53.90","47.26","1.18M","0.25%"
"Mar 22, 2009","52.38","52.13","54.66","51.62","1.10M","2.59%"
"Mar 15, 2009","51.06","45.20","52.25","43.62","702.27K","10.40%"
"Mar 08, 2009","46.25","45.76","48.83","42.08","1.56M","1.60%"
"Mar 01, 2009","45.52","44.34","46.30","39.44","1.34M","1.70%"
"Feb 22, 2009","44.76","39.73","45.30","37.65","1.41M","14.95%"
"Feb 15, 2009","38.94","37.81","39.85","34.13","335.67K","3.81%"
"Feb 08, 2009","37.51","39.88","42.43","33.55","1.60M","-6.62%"
"Feb 01, 2009","40.17","41.75","42.68","38.60","1.51M","-3.62%"
"Jan 25, 2009","41.68","46.05","48.59","40.18","1.36M","-10.31%"
"Jan 18, 2009","46.47","36.14","47.00","32.70","892.11K","27.28%"
"Jan 11, 2009","36.51","40.55","40.80","33.20","1.20M","-10.58%"
"Jan 04, 2009","40.83","47.04","50.47","39.38","1.49M","-11.89%"
"Dec 28, 2008","46.34","38.40","46.74","36.94","661.14K","22.89%"
"Dec 21, 2008","37.71","42.79","43.44","35.13","453.27K","11.34%"
"Dec 14, 2008","33.87","46.77","50.05","32.40","811.15K","-26.82%"
"Dec 07, 2008","46.28","41.64","49.12","41.55","1.50M","13.40%"
"Nov 30, 2008","40.81","54.62","54.62","40.50","1.23M","-25.02%"
"Nov 23, 2008","54.43","50.97","55.98","48.80","834.07K","9.01%"
"Nov 16, 2008","49.93","56.74","58.98","48.25","941.20K","-12.46%"
"Nov 09, 2008","57.04","61.80","65.56","54.67","1.37M","-6.55%"
"Nov 02, 2008","61.04","67.37","71.77","59.97","1.37M","-9.98%"
"Oct 26, 2008","67.81","64.78","70.60","61.30","1.31M","5.71%"
"Oct 19, 2008","64.15","72.16","76.12","62.65","944.99K","-10.72%"
"Oct 12, 2008","71.85","80.12","84.83","68.57","1.12M","-7.53%"
"Oct 05, 2008","77.70","92.50","93.02","77.09","1.58M","-17.23%"
"Sep 28, 2008","93.88","106.89","106.91","91.30","1.24M","-12.17%"
"Sep 21, 2008","106.89","104.97","130.00","103.22","1.00M","2.24%"
"Sep 14, 2008","104.55","101.00","105.25","90.51","1.43M","3.33%"
"Sep 07, 2008","101.18","107.75","109.89","99.99","1.57M","-4.75%"
"Aug 31, 2008","106.23","116.65","118.60","105.13","1.15M","-7.99%"
"Aug 24, 2008","115.46","114.69","120.50","112.36","1.24M","0.76%"
"Aug 17, 2008","114.59","113.94","122.04","111.64","958.02K","0.72%"
"Aug 10, 2008","113.77","115.20","117.46","111.34","1.47M","-1.24%"
"Aug 03, 2008","115.20","125.98","126.35","114.62","1.52M","-7.91%"
"Jul 27, 2008","125.10","123.41","128.60","120.42","1.33M","1.49%"
"Jul 20, 2008","123.26","128.88","132.07","122.50","956.65K","-4.36%"
"Jul 13, 2008","128.88","144.69","146.73","128.23","1.53M","-11.17%"
"Jul 06, 2008","145.08","144.27","147.27","135.14","1.61M","-0.14%"
"Jun 29, 2008","145.29","140.60","145.85","139.17","939.42K","3.62%"
"Jun 22, 2008","140.21","134.80","142.99","131.95","1.34M","4.15%"
"Jun 15, 2008","134.62","134.41","139.89","131.19","1.06M","-0.18%"
"Jun 08, 2008","134.86","137.97","138.30","130.80","1.80M","-2.66%"
"Jun 01, 2008","138.54","127.63","139.12","121.61","1.78M","8.79%"
"May 25, 2008","127.35","131.68","133.65","124.67","1.43M","-3.66%"
"May 18, 2008","132.19","126.35","135.09","125.28","1.38M","4.67%"
"May 11, 2008","126.29","125.84","127.82","120.75","1.72M","0.26%"
"May 04, 2008","125.96","116.50","126.27","116.05","1.69M","8.29%"
"Apr 27, 2008","116.32","118.95","119.93","110.30","1.40M","-1.86%"
"Apr 20, 2008","118.52","116.93","119.90","114.25","1.04M","1.57%"
"Apr 13, 2008","116.69","110.00","117.00","109.56","1.15M","5.95%"
"Apr 06, 2008","110.14","106.12","112.21","105.86","1.47M","3.68%"
"Mar 30, 2008","106.23","105.12","106.78","99.55","1.48M","0.58%"
"Mar 23, 2008","105.62","101.70","108.22","99.13","1.40M","3.71%"
"Mar 16, 2008","101.84","110.10","111.80","98.65","911.52K","-7.59%"
"Mar 09, 2008","110.21","105.25","111.00","104.08","1.65M","4.81%"
"Mar 02, 2008","105.15","101.63","106.54","98.87","1.69M","3.25%"
"Feb 24, 2008","101.84","98.99","103.05","97.75","1.25M","3.07%"
"Feb 17, 2008","98.81","95.37","101.32","95.23","811.09K","3.47%"
"Feb 10, 2008","95.50","91.76","96.67","90.92","1.37M","4.06%"
"Feb 03, 2008","91.77","88.66","91.98","86.24","1.41M","3.16%"
"Jan 27, 2008","88.96","90.62","92.71","88.46","1.32M","-1.93%"
"Jan 20, 2008","90.71","90.58","91.38","86.11","914.41K","0.15%"
"Jan 13, 2008","90.57","92.92","94.43","89.26","1.30M","-2.29%"
"Jan 06, 2008","92.69","97.79","98.40","92.31","1.50M","-5.33%"
"Dec 30, 2007","97.91","96.12","100.09","94.73","808.76K","1.99%"
"Dec 23, 2007","96.00","93.58","97.92","92.50","468.02K","2.88%"
"Dec 16, 2007","93.31","91.43","93.84","88.88","736.12K","2.24%"
"Dec 09, 2007","91.27","88.27","94.85","87.09","1.48M","3.39%"
"Dec 02, 2007","88.28","88.79","90.73","85.82","1.45M","-0.48%"
"Nov 25, 2007","88.71","98.28","99.11","88.45","1.56M","-9.65%"
"Nov 18, 2007","98.18","93.88","99.29","93.16","896.44K","3.24%"
"Nov 11, 2007","95.10","96.01","96.20","90.13","1.39M","-1.27%"
"Nov 04, 2007","96.32","95.93","98.62","93.72","1.71M","0.41%"
"Oct 28, 2007","95.93","91.72","96.24","88.92","1.59M","4.43%"
"Oct 21, 2007","91.86","88.86","92.22","84.68","1.22M","3.68%"
"Oct 14, 2007","88.60","83.91","90.07","83.50","1.28M","5.87%"
"Oct 07, 2007","83.69","81.11","84.05","78.35","1.34M","3.04%"
"Sep 30, 2007","81.22","81.75","82.02","78.87","1.20M","-0.54%"
"Sep 23, 2007","81.66","81.30","83.76","78.44","1.38M","0.05%"
"Sep 16, 2007","81.62","79.03","83.90","78.25","1.01M","3.19%"
"Sep 09, 2007","79.10","76.46","80.36","75.52","1.39M","3.13%"
"Sep 02, 2007","76.70","73.90","77.43","73.48","1.00M","3.59%"
"Aug 26, 2007","74.04","71.04","74.44","70.20","928.10K","4.15%"
"Aug 19, 2007","71.09","71.77","71.77","68.63","734.82K","-1.24%"
"Aug 12, 2007","71.98","71.47","74.23","70.10","1.22M","0.71%"
"Aug 05, 2007","71.47","75.04","75.10","70.10","1.34M","-5.31%"
"Jul 29, 2007","75.48","76.92","78.77","75.04","1.14M","-2.00%"
"Jul 22, 2007","77.02","75.69","77.24","72.91","1.11M","1.92%"
"Jul 15, 2007","75.57","74.01","76.13","73.50","807.93K","2.22%"
"Jul 08, 2007","73.93","72.75","74.01","71.60","1.14M","1.54%"
"Jul 01, 2007","72.81","70.52","72.94","69.57","803.30K","3.01%"
"Jun 24, 2007","70.68","68.85","71.06","67.07","1.16M","2.23%"
"Jun 17, 2007","69.14","68.13","69.88","67.29","741.93K","1.68%"
"Jun 10, 2007","68.00","64.70","68.30","64.52","1.08M","5.00%"
"Jun 03, 2007","64.76","64.87","67.42","64.53","1.21M","-0.49%"
"May 27, 2007","65.08","64.98","65.25","62.43","937.80K","-0.18%"
"May 20, 2007","65.20","64.95","66.38","63.82","727.43K","0.40%"
"May 13, 2007","64.94","62.42","65.64","61.90","1.04M","4.12%"
"May 06, 2007","62.37","61.71","62.58","60.68","1.28M","0.71%"
"Apr 29, 2007","61.93","66.36","66.65","61.56","1.17M","-6.82%"
"Apr 22, 2007","66.46","64.11","66.70","63.70","1.07M","4.86%"
"Apr 15, 2007","63.38","63.41","64.64","61.34","684.32K","-0.39%"
"Apr 08, 2007","63.63","64.29","64.58","61.35","1.26M","-1.01%"
"Apr 01, 2007","64.28","66.03","66.69","63.56","867.87K","-2.41%"
"Mar 25, 2007","65.87","62.34","68.09","62.24","1.22M","5.76%"
"Mar 18, 2007","62.28","57.11","62.65","56.10","800.12K","9.05%"
"Mar 11, 2007","57.11","59.96","59.96","56.17","1.12M","-4.90%"
"Mar 04, 2007","60.05","61.30","62.30","59.55","1.20M","-2.58%"
"Feb 25, 2007","61.64","60.88","62.49","59.92","1.19M","0.82%"
"Feb 18, 2007","61.14","58.87","61.80","57.32","843.20K","2.95%"
"Feb 11, 2007","59.39","59.68","59.76","56.62","1.20M","-0.83%"
"Feb 04, 2007","59.89","59.25","60.80","57.25","1.48M","1.47%"
"Jan 28, 2007","59.02","55.63","59.25","53.75","1.30M","6.50%"
"Jan 21, 2007","55.42","52.09","55.90","50.80","928.21K","6.60%"
"Jan 14, 2007","51.99","52.94","53.55","49.90","806.34K","-1.89%"
"Jan 07, 2007","52.99","56.24","57.72","51.56","1.57M","-5.90%"
"Dec 31, 2006","56.31","60.95","60.97","54.90","822.69K","-7.76%"
"Dec 24, 2006","61.05","62.44","63.20","59.90","446.87K","-2.18%"
"Dec 17, 2006","62.41","63.20","64.15","61.65","585.91K","-1.61%"
"Dec 10, 2006","63.43","62.21","63.50","60.65","923.70K","2.26%"
"Dec 03, 2006","62.03","63.81","63.82","61.53","1.08M","-2.21%"
"Nov 26, 2006","63.43","59.89","63.77","59.26","907.35K","7.07%"
"Nov 19, 2006","59.24","58.73","60.40","57.97","460.70K","6.15%"
"Nov 12, 2006","55.81","59.60","59.92","54.86","874.57K","-6.34%"
"Nov 05, 2006","59.59","59.15","61.33","58.50","1.10M","0.76%"
"Oct 29, 2006","59.14","60.75","61.05","57.05","914.07K","-2.65%"
"Oct 22, 2006","60.75","59.43","61.79","58.12","788.82K","6.92%"
"Oct 15, 2006","56.82","58.86","60.54","56.55","591.02K","-2.99%"
"Oct 08, 2006","58.57","59.90","61.30","57.22","797.11K","-1.99%"
"Oct 01, 2006","59.76","62.80","63.32","57.75","775.82K","-5.01%"
"Sep 24, 2006","62.91","60.25","64.00","59.52","698.78K","3.90%"
"Sep 17, 2006","60.55","63.49","64.46","60.00","486.24K","-4.39%"
"Sep 10, 2006","63.33","66.01","66.50","62.03","749.10K","-4.41%"
"Sep 03, 2006","66.25","69.25","69.59","66.00","410.46K","-4.25%"
"Aug 27, 2006","69.19","72.20","72.20","68.65","380.52K","-4.58%"
"Aug 20, 2006","72.51","71.22","73.75","71.10","335.48K","1.93%"
"Aug 13, 2006","71.14","73.79","73.95","69.60","424.12K","-4.32%"
"Aug 06, 2006","74.35","74.78","77.45","73.75","618.53K","-0.55%"
"Jul 30, 2006","74.76","73.50","76.50","72.77","442.00K","2.08%"
"Jul 23, 2006","73.24","74.45","75.78","72.80","411.62K","-1.60%"
"Jul 16, 2006","74.43","76.91","77.74","71.65","425.85K","-3.38%"
"Jul 09, 2006","77.03","73.94","78.40","72.90","591.58K","3.97%"
"Jul 02, 2006","74.09","73.95","75.78","73.38","286.58K","0.22%"
"Jun 25, 2006","73.93","70.86","74.15","70.40","449.82K","4.32%"
"Jun 18, 2006","70.87","69.87","71.30","68.55","436.38K","1.42%"
"Jun 11, 2006","69.88","71.60","72.32","68.10","594.68K","-2.44%"
"Jun 04, 2006","71.63","72.70","73.84","69.10","556.08K","-0.97%"
"May 28, 2006","72.33","71.31","72.75","70.05","472.59K","1.35%"
"May 21, 2006","71.37","68.52","72.15","67.42","439.86K","4.14%"
"May 14, 2006","68.53","71.90","72.04","67.85","531.29K","-4.87%"
"May 07, 2006","72.04","70.05","73.90","68.25","661.03K","2.64%"
"Apr 30, 2006","70.19","71.70","74.99","69.30","593.62K","-2.35%"
"Apr 23, 2006","71.88","75.35","75.35","70.49","643.92K","-4.38%"
"Apr 16, 2006","75.17","69.55","75.35","69.30","430.90K","8.44%"
"Apr 09, 2006","69.32","67.40","69.60","67.22","476.41K","2.86%"
"Apr 02, 2006","67.39","66.25","68.20","65.60","523.14K","1.14%"
"Mar 26, 2006","66.63","64.40","67.30","63.45","510.61K","3.69%"
"Mar 19, 2006","64.26","62.75","64.75","59.60","432.56K","2.37%"
"Mar 12, 2006","62.77","60.05","63.90","59.58","501.33K","4.69%"
"Mar 05, 2006","59.96","63.75","63.92","59.25","568.30K","-5.83%"
"Feb 26, 2006","63.67","62.80","63.79","60.30","514.29K","1.21%"
"Feb 19, 2006","62.91","61.25","63.25","59.70","406.89K","5.06%"
"Feb 12, 2006","59.88","62.10","62.18","57.55","549.13K","-3.17%"
"Feb 05, 2006","61.84","65.60","66.62","61.20","673.30K","-5.40%"
"Jan 29, 2006","65.37","67.85","69.00","63.95","612.30K","-3.53%"
"Jan 22, 2006","67.76","68.45","69.20","65.31","559.72K","-0.86%"
"Jan 15, 2006","68.35","64.82","68.80","64.60","311.08K","6.93%"
"Jan 08, 2006","63.92","64.15","65.05","62.60","621.17K","-0.45%"
"Jan 01, 2006","64.21","61.04","64.45","60.81","450.63K","5.19%"
"Dec 25, 2005","61.04","58.30","61.25","57.30","280.80K","4.47%"
"Dec 18, 2005","58.43","58.00","59.29","56.90","292.78K","0.64%"
"Dec 11, 2005","58.06","59.51","61.90","58.00","492.15K","-2.24%"
"Dec 04, 2005","59.39","59.41","61.50","59.03","544.30K","0.12%"
"Nov 27, 2005","59.32","58.11","59.55","55.72","555.62K","1.04%"
"Nov 20, 2005","58.71","57.42","59.15","57.10","237.36K","4.58%"
"Nov 13, 2005","56.14","57.80","58.52","55.40","381.89K","-2.42%"
"Nov 06, 2005","57.53","60.11","60.44","56.93","564.72K","-5.03%"
"Oct 30, 2005","60.58","61.20","62.15","58.75","490.39K","-1.05%"
"Oct 23, 2005","61.22","60.06","62.95","59.30","479.73K","0.97%"
"Oct 16, 2005","60.63","62.95","64.40","59.15","351.09K","-3.19%"
"Oct 09, 2005","62.63","61.79","64.70","60.35","540.43K","1.28%"
"Oct 02, 2005","61.84","66.20","66.62","60.70","457.58K","-6.64%"
"Sep 25, 2005","66.24","63.44","67.40","62.65","551.61K","3.19%"
"Sep 18, 2005","64.19","63.39","68.27","63.20","427.64K","1.89%"
"Sep 11, 2005","63.00","64.15","65.66","62.55","537.31K","-1.69%"
"Sep 04, 2005","64.08","66.60","67.56","63.10","457.29K","-5.17%"
"Aug 28, 2005","67.57","68.60","70.85","66.30","673.45K","2.18%"
"Aug 21, 2005","66.13","65.40","68.00","64.65","392.42K","1.19%"
"Aug 14, 2005","65.35","66.85","67.00","62.25","462.29K","-2.26%"
"Aug 07, 2005","66.86","62.31","67.10","62.21","615.95K","7.30%"
"Jul 31, 2005","62.31","60.51","62.50","60.51","484.31K","2.87%"
"Jul 24, 2005","60.57","58.75","61.05","57.65","442.99K","3.27%"
"Jul 17, 2005","58.65","58.00","58.98","56.10","402.13K","0.96%"
"Jul 10, 2005","58.09","59.40","61.30","57.25","587.90K","-2.58%"
"Jul 03, 2005","59.63","58.89","62.10","57.20","449.61K","1.50%"
"Jun 26, 2005","58.75","59.90","60.95","55.90","560.31K","-1.82%"
"Jun 19, 2005","59.84","58.51","60.00","57.85","393.09K","2.34%"
"Jun 12, 2005","58.47","53.43","58.60","53.05","451.89K","9.21%"
"Jun 05, 2005","53.54","55.20","55.55","52.22","532.19K","-2.71%"
"May 29, 2005","55.03","51.98","55.40","50.90","424.28K","6.13%"
"May 22, 2005","51.85","48.25","52.00","48.05","473.24K","10.79%"
"May 15, 2005","46.80","48.67","49.35","46.20","371.45K","-3.84%"
"May 08, 2005","48.67","51.28","53.10","47.75","558.25K","-4.49%"
"May 01, 2005","50.96","49.28","52.23","48.80","569.86K","2.49%"
"Apr 24, 2005","49.72","55.15","56.00","49.50","524.38K","-10.24%"
"Apr 17, 2005","55.39","50.43","55.90","49.66","370.95K","9.70%"
"Apr 10, 2005","50.49","53.26","54.05","49.75","572.73K","-5.31%"
"Apr 03, 2005","53.32","57.15","58.28","52.70","522.30K","-6.90%"
"Mar 27, 2005","57.27","54.44","57.70","52.50","482.84K","4.43%"
"Mar 20, 2005","54.84","56.68","57.58","53.40","382.14K","-3.31%"
"Mar 13, 2005","56.72","54.45","57.60","53.52","399.60K","4.21%"
"Mar 06, 2005","54.43","53.56","55.65","52.50","539.68K","1.21%"
"Feb 27, 2005","53.78","51.80","55.20","50.65","507.55K","4.45%"
"Feb 20, 2005","51.49","48.37","52.05","48.37","314.56K","6.49%"
"Feb 13, 2005","48.35","47.05","48.65","46.60","348.60K","2.52%"
"Feb 06, 2005","47.16","46.32","47.48","44.60","534.43K","1.46%"
"Jan 30, 2005","46.48","46.68","48.25","45.75","422.22K","-1.48%"
"Jan 23, 2005","47.18","48.88","49.75","46.80","469.11K","-2.78%"
"Jan 16, 2005","48.53","48.60","49.50","46.40","287.72K","0.31%"
"Jan 09, 2005","48.38","45.60","48.65","44.95","493.77K","6.49%"
"Jan 02, 2005","45.43","43.10","46.10","41.25","483.30K","4.56%"
"Dec 26, 2004","43.45","43.87","43.87","41.00","256.54K","-1.65%"
"Dec 19, 2004","44.18","46.20","46.20","43.65","213.21K","-4.54%"
"Dec 12, 2004","46.28","40.90","46.35","40.25","434.12K","13.68%"
"Dec 05, 2004","40.71","42.50","43.60","40.25","536.50K","-4.30%"
"Nov 28, 2004","42.54","49.40","50.40","42.05","573.07K","-13.96%"
"Nov 21, 2004","49.44","48.80","50.25","47.80","182.04K","2.06%"
"Nov 14, 2004","48.44","47.11","48.90","45.25","369.26K","2.37%"
"Nov 07, 2004","47.32","49.60","49.60","46.96","504.02K","-4.62%"
"Oct 31, 2004","49.61","51.82","52.50","48.30","596.45K","-4.15%"
"Oct 24, 2004","51.76","55.05","55.67","50.47","608.26K","-6.18%"
"Oct 17, 2004","55.17","54.80","55.50","52.59","361.01K","0.44%"
"Oct 10, 2004","54.93","53.19","55.00","51.49","562.87K","3.04%"
"Oct 03, 2004","53.31","49.90","53.40","49.44","470.16K","6.36%"
"Sep 26, 2004","50.12","48.75","50.47","48.40","458.10K","2.54%"
"Sep 19, 2004","48.88","45.59","49.00","45.30","463.30K","7.22%"
"Sep 12, 2004","45.59","43.13","45.80","42.75","519.88K","6.49%"
"Sep 05, 2004","42.81","43.57","45.09","42.40","404.25K","-2.68%"
"Aug 29, 2004","43.99","43.31","45.37","41.30","453.78K","1.88%"
"Aug 22, 2004","43.18","46.81","47.22","42.50","533.01K","-9.78%"
"Aug 15, 2004","47.86","46.60","49.40","45.63","460.87K","2.75%"
"Aug 08, 2004","46.58","43.81","46.65","43.30","552.70K","5.98%"
"Aug 01, 2004","43.95","43.69","44.77","42.62","498.70K","0.34%"
"Jul 25, 2004","43.80","41.75","43.85","41.05","389.15K","5.01%"
"Jul 18, 2004","41.71","41.19","42.30","40.25","354.32K","1.12%"
"Jul 11, 2004","41.25","39.76","41.80","38.98","441.89K","3.23%"
"Jul 04, 2004","39.96","38.79","40.45","38.75","352.96K","4.09%"
"Jun 27, 2004","38.39","37.29","39.10","35.52","502.63K","2.24%"
"Jun 20, 2004","37.55","38.65","39.05","37.10","318.78K","-3.10%"
"Jun 13, 2004","38.75","38.27","38.83","36.90","348.56K","0.78%"
"Jun 06, 2004","38.45","38.44","39.14","36.45","445.56K","-0.10%"
"May 30, 2004","38.49","40.40","42.45","38.15","548.28K","-3.49%"
"May 23, 2004","39.88","40.00","41.83","39.00","541.92K","-0.13%"
"May 16, 2004","39.93","41.28","41.85","39.65","406.76K","-3.50%"
"May 09, 2004","41.38","39.84","41.56","38.28","505.40K","3.63%"
"May 02, 2004","39.93","37.39","40.00","37.25","435.73K","6.82%"
"Apr 25, 2004","37.38","36.75","38.18","36.55","429.75K","2.52%"
"Apr 18, 2004","36.46","37.65","38.30","35.35","447.70K","-3.39%"
"Apr 11, 2004","37.74","37.24","37.95","36.25","504.94K","1.62%"
"Apr 04, 2004","37.14","34.20","37.30","33.93","354.53K","8.00%"
"Mar 28, 2004","34.39","35.68","36.77","33.30","515.29K","-3.75%"
"Mar 21, 2004","35.73","38.09","38.09","34.75","433.54K","-6.17%"
"Mar 14, 2004","38.08","36.15","38.50","35.85","391.27K","5.22%"
"Mar 07, 2004","36.19","37.26","37.51","35.30","477.47K","-2.87%"
"Feb 29, 2004","37.26","36.16","37.45","35.41","411.07K","3.04%"
"Feb 22, 2004","36.16","34.27","36.23","34.03","403.44K","1.57%"
"Feb 15, 2004","35.60","34.48","36.10","34.25","277.95K","3.01%"
"Feb 08, 2004","34.56","32.35","34.65","32.25","446.74K","6.40%"
"Feb 01, 2004","32.48","33.20","35.19","32.20","514.65K","-1.72%"
"Jan 25, 2004","33.05","34.79","34.98","32.41","472.22K","-5.41%"
"Jan 18, 2004","34.94","34.92","36.37","33.75","364.35K","-0.37%"
"Jan 11, 2004","35.07","34.35","35.41","33.27","508.87K","2.22%"
"Jan 04, 2004","34.31","32.40","34.70","32.27","488.18K","5.50%"
"Dec 28, 2003","32.52","32.75","33.20","32.10","167.14K","-1.03%"
"Dec 21, 2003","32.86","32.90","33.00","31.25","201.47K","-0.48%"
"Dec 14, 2003","33.02","32.04","33.93","31.74","298.27K","-0.06%"
"Dec 07, 2003","33.04","30.66","33.20","30.63","467.98K","7.52%"
"Nov 30, 2003","30.73","30.26","31.65","29.66","418.33K","1.05%"
"Nov 23, 2003","30.41","31.47","31.47","29.30","328.38K","-3.80%"
"Nov 16, 2003","31.61","32.37","33.55","31.38","381.28K","-2.35%"
"Nov 09, 2003","32.37","31.14","32.50","30.63","417.76K","4.93%"
"Nov 02, 2003","30.85","29.13","31.14","28.47","441.40K","5.98%"
"Oct 26, 2003","29.11","30.10","30.32","28.26","429.30K","-3.48%"
"Oct 19, 2003","30.16","30.67","30.80","29.40","347.40K","-1.69%"
"Oct 12, 2003","30.68","31.97","32.49","29.90","291.31K","-4.04%"
"Oct 05, 2003","31.97","30.51","32.60","29.45","425.98K","5.16%"
"Sep 28, 2003","30.40","28.24","30.44","28.24","389.08K","7.95%"
"Sep 21, 2003","28.16","26.97","28.70","26.75","341.06K","4.18%"
"Sep 14, 2003","27.03","28.30","28.45","26.65","322.41K","-4.39%"
"Sep 07, 2003","28.27","28.93","29.52","27.85","404.94K","-2.11%"
"Aug 31, 2003","28.88","31.28","31.40","28.51","429.76K","-8.52%"
"Aug 24, 2003","31.57","31.94","32.30","31.10","293.85K","-0.85%"
"Aug 17, 2003","31.84","31.31","32.40","30.36","328.13K","2.54%"
"Aug 10, 2003","31.05","32.14","32.35","30.10","466.46K","-3.51%"
"Aug 03, 2003","32.18","32.15","32.85","31.45","450.05K","-0.40%"
"Jul 27, 2003","32.31","29.97","32.38","29.60","374.61K","7.09%"
"Jul 20, 2003","30.17","32.00","32.10","29.17","318.69K","-5.60%"
"Jul 13, 2003","31.96","31.15","32.05","30.65","369.36K","2.17%"
"Jul 06, 2003","31.28","30.15","31.75","29.52","391.91K","2.83%"
"Jun 29, 2003","30.42","29.30","30.98","29.10","272.41K","3.93%"
"Jun 22, 2003","29.27","29.53","30.05","28.53","364.15K","-5.03%"
"Jun 15, 2003","30.82","30.50","31.35","29.70","285.45K","0.55%"
"Jun 08, 2003","30.65","31.28","32.50","29.85","407.00K","-2.01%"
"Jun 01, 2003","31.28","29.49","31.30","29.49","399.86K","5.82%"
"May 25, 2003","29.56","29.16","29.65","28.27","297.35K","1.37%"
"May 18, 2003","29.16","29.16","29.60","28.30","349.26K","0.07%"
"May 11, 2003","29.14","27.59","29.48","27.22","413.19K","5.12%"
"May 04, 2003","27.72","25.52","27.95","25.46","434.91K","7.99%"
"Apr 27, 2003","25.67","26.20","26.60","25.04","387.09K","-2.25%"
"Apr 20, 2003","26.26","30.25","31.25","25.61","376.54K","-14.04%"
"Apr 13, 2003","30.55","28.15","30.65","27.57","258.29K","8.56%"
"Apr 06, 2003","28.14","28.00","28.95","27.02","348.79K","-1.68%"
"Mar 30, 2003","28.62","30.24","31.32","27.66","294.78K","-5.11%"
"Mar 23, 2003","30.16","27.37","31.05","27.21","375.30K","12.08%"
"Mar 16, 2003","26.91","35.98","36.95","26.30","335.11K","-23.94%"
"Mar 09, 2003","35.38","37.78","38.20","33.85","449.02K","-6.35%"
"Mar 02, 2003","37.78","36.45","37.84","35.36","376.22K","3.22%"
"Feb 23, 2003","36.60","35.47","39.99","35.47","559.20K","2.87%"
"Feb 16, 2003","35.58","36.38","37.55","34.70","235.75K","-3.32%"
"Feb 09, 2003","36.80","34.90","36.85","34.30","480.59K","4.78%"
"Feb 02, 2003","35.12","33.33","35.25","32.55","429.66K","4.80%"
"Jan 26, 2003","33.51","33.34","33.95","32.25","397.98K","0.69%"
"Jan 19, 2003","33.28","33.76","35.20","31.90","356.23K","-1.86%"
"Jan 12, 2003","33.91","31.30","34.00","31.13","461.79K","7.04%"
"Jan 05, 2003","31.68","33.08","33.33","29.75","540.84K","-4.23%"
"Dec 29, 2002","33.08","32.75","33.65","30.05","271.64K","1.10%"
"Dec 22, 2002","32.72","30.41","32.76","30.41","206.41K","7.99%"
"Dec 15, 2002","30.30","28.62","31.25","28.61","362.06K","6.54%"
"Dec 08, 2002","28.44","27.10","28.65","26.75","480.63K","5.61%"
"Dec 01, 2002","26.93","26.90","27.71","26.57","443.77K","0.15%"
"Nov 24, 2002","26.89","26.85","27.12","26.04","214.31K","0.49%"
"Nov 17, 2002","26.76","25.53","27.25","25.52","287.32K","4.90%"
"Nov 10, 2002","25.51","25.70","26.50","24.82","451.02K","-1.05%"
"Nov 03, 2002","25.78","26.97","27.40","25.16","515.36K","-4.98%"
"Oct 27, 2002","27.13","27.12","27.56","26.53","442.19K","0.30%"
"Oct 20, 2002","27.05","29.42","29.50","26.90","410.22K","-8.61%"
"Oct 13, 2002","29.60","29.45","30.20","29.05","322.38K","0.78%"
"Oct 06, 2002","29.37","29.72","30.10","28.52","391.06K","-0.84%"
"Sep 29, 2002","29.62","30.71","31.18","29.35","458.15K","-3.01%"
"Sep 22, 2002","30.54","30.00","31.39","30.00","415.68K","3.14%"
"Sep 15, 2002","29.61","29.78","30.00","28.24","283.97K","-0.67%"
"Sep 08, 2002","29.81","29.57","30.20","28.64","419.30K","0.68%"
"Sep 01, 2002","29.61","29.00","30.19","27.62","287.86K","2.17%"
"Aug 25, 2002","28.98","28.68","29.65","28.15","410.50K","1.22%"
"Aug 18, 2002","28.63","29.31","30.32","28.34","376.55K","-2.39%"
"Aug 11, 2002","29.33","26.90","29.45","26.48","446.92K","9.20%"
"Aug 04, 2002","26.86","26.83","27.38","26.25","357.50K","0.07%"
"Jul 28, 2002","26.84","26.52","27.67","26.00","397.29K","1.13%"
"Jul 21, 2002","26.54","27.75","27.75","25.95","418.05K","-4.64%"
"Jul 14, 2002","27.83","27.60","28.10","26.90","369.81K","1.27%"
"Jul 07, 2002","27.48","26.77","27.50","25.73","406.86K","2.54%"
"Jun 30, 2002","26.80","26.89","27.15","26.38","171.36K","-0.22%"
"Jun 23, 2002","26.86","25.70","27.05","25.70","449.47K","4.03%"
"Jun 16, 2002","25.82","26.03","26.50","25.10","329.68K","-0.46%"
"Jun 09, 2002","25.94","24.51","26.03","23.80","397.73K","4.81%"
"Jun 02, 2002","24.75","25.26","25.47","24.20","343.34K","-2.21%"
"May 26, 2002","25.31","25.75","25.83","24.40","342.71K","-2.20%"
"May 19, 2002","25.88","28.20","28.54","25.45","367.38K","-8.16%"
"May 12, 2002","28.18","27.75","29.54","27.10","411.55K","0.68%"
"May 05, 2002","27.99","26.31","28.27","25.62","480.65K","5.15%"
"Apr 28, 2002","26.62","26.92","27.64","25.55","441.46K","-1.81%"
"Apr 21, 2002","27.11","26.40","27.20","25.78","355.63K","2.77%"
"Apr 14, 2002","26.38","24.25","26.65","23.60","330.45K","12.40%"
"Apr 07, 2002","23.47","26.40","27.23","23.31","453.16K","-10.45%"
"Mar 31, 2002","26.21","26.46","28.35","25.05","493.04K","-0.38%"
"Mar 24, 2002","26.31","25.35","26.38","24.70","296.14K","3.79%"
"Mar 17, 2002","25.35","24.40","25.85","24.11","297.51K","3.43%"
"Mar 10, 2002","24.51","23.87","24.75","23.65","391.64K","2.81%"
"Mar 03, 2002","23.84","22.43","24.75","22.13","460.98K","6.43%"
"Feb 24, 2002","22.40","21.00","22.80","20.37","470.17K","6.31%"
"Feb 17, 2002","21.07","21.22","21.30","20.15","243.42K","-2.00%"
"Feb 10, 2002","21.50","20.27","21.75","19.96","398.76K","6.12%"
"Feb 03, 2002","20.26","20.34","20.36","19.27","342.41K","-0.59%"
"Jan 27, 2002","20.38","20.06","20.55","18.56","432.85K","1.95%"
"Jan 20, 2002","19.99","18.05","20.17","18.00","287.13K","11.06%"
"Jan 13, 2002","18.00","19.68","19.77","17.85","358.88K","-8.54%"
"Jan 06, 2002","19.68","21.53","22.00","19.60","357.62K","-8.97%"
"Dec 30, 2001","21.62","20.36","21.70","19.66","254.81K","5.93%"
"Dec 23, 2001","20.41","19.64","21.50","19.64","169.23K","4.03%"
"Dec 16, 2001","19.62","19.23","20.18","18.79","249.78K","2.03%"
"Dec 09, 2001","19.23","18.57","19.25","17.80","359.12K","1.00%"
"Dec 02, 2001","19.04","19.40","20.78","17.92","383.86K","-2.06%"
"Nov 25, 2001","19.44","19.36","19.80","18.35","367.00K","2.53%"
"Nov 18, 2001","18.96","18.30","19.56","16.70","191.73K","5.16%"
"Nov 11, 2001","18.03","22.40","22.62","17.15","455.95K","-18.86%"
"Nov 04, 2001","22.22","20.18","22.41","19.56","361.44K","10.11%"
"Oct 28, 2001","20.18","22.19","22.55","19.69","379.51K","-8.40%"
"Oct 21, 2001","22.03","21.97","22.60","21.41","307.47K","0.92%"
"Oct 14, 2001","21.83","22.60","22.76","21.05","270.52K","-2.98%"
"Oct 07, 2001","22.50","22.61","23.98","21.95","303.20K","0.49%"
"Sep 30, 2001","22.39","23.50","23.53","21.72","267.82K","-4.44%"
"Sep 23, 2001","23.43","25.90","25.90","20.30","398.85K","-9.78%"
"Sep 16, 2001","25.97","28.30","29.25","25.80","410.51K","-12.06%"
"Sep 09, 2001","29.53","27.95","29.98","27.57","84.35K","5.35%"
"Sep 02, 2001","28.03","27.17","28.15","26.76","302.46K","3.05%"
"Aug 26, 2001","27.20","26.97","27.60","26.44","314.52K","1.12%"
"Aug 19, 2001","26.90","26.60","28.10","26.28","348.67K","0.82%"
"Aug 12, 2001","26.68","28.04","28.27","26.55","314.00K","-4.88%"
"Aug 05, 2001","28.05","27.53","28.42","27.38","291.93K","1.56%"
"Jul 29, 2001","27.62","27.00","27.92","26.31","302.33K","2.22%"
"Jul 22, 2001","27.02","26.41","27.15","25.86","324.57K","5.59%"
"Jul 15, 2001","25.59","26.55","26.58","24.54","280.55K","-3.76%"
"Jul 08, 2001","26.59","28.09","28.26","25.94","389.40K","-5.74%"
"Jul 01, 2001","28.21","26.31","28.29","25.38","298.42K","7.47%"
"Jun 24, 2001","26.25","26.84","27.49","25.10","406.53K","-2.16%"
"Jun 17, 2001","26.83","28.44","28.54","25.85","328.07K","-5.89%"
"Jun 10, 2001","28.51","28.40","29.63","28.40","348.14K","0.64%"
"Jun 03, 2001","28.33","28.07","28.39","27.25","342.80K","1.43%"
"May 27, 2001","27.93","28.35","29.05","27.55","300.73K","-1.59%"
"May 20, 2001","28.38","29.90","30.20","28.10","251.79K","-5.12%"
"May 13, 2001","29.91","28.58","29.99","28.08","259.30K","4.76%"
"May 06, 2001","28.55","28.34","28.85","27.05","312.55K","0.67%"
"Apr 29, 2001","28.36","28.39","29.05","27.37","285.40K","0.32%"
"Apr 22, 2001","28.27","27.60","28.65","26.75","337.16K","3.63%"
"Apr 15, 2001","27.28","28.11","29.04","26.80","274.83K","-3.43%"
"Apr 08, 2001","28.25","27.02","28.84","27.01","269.00K","4.40%"
"Apr 01, 2001","27.06","26.35","27.78","25.49","333.84K","2.93%"
"Mar 25, 2001","26.29","27.40","28.04","25.75","384.50K","-3.70%"
"Mar 18, 2001","27.30","26.85","27.45","25.70","308.95K","2.09%"
"Mar 11, 2001","26.74","27.92","28.24","26.12","324.34K","-4.53%"
"Mar 04, 2001","28.01","27.96","29.15","27.91","325.33K","0.61%"
"Feb 25, 2001","27.84","28.90","29.18","27.16","364.68K","-4.13%"
"Feb 18, 2001","29.04","29.42","29.57","28.31","249.50K","-0.41%"
"Feb 11, 2001","29.16","30.90","31.10","28.55","358.79K","-6.03%"
"Feb 04, 2001","31.03","31.19","31.87","30.06","334.66K","-0.51%"
"Jan 28, 2001","31.19","29.77","31.27","28.27","361.65K","4.77%"
"Jan 21, 2001","29.77","32.25","32.70","28.65","328.85K","-7.52%"
"Jan 14, 2001","32.19","30.30","32.40","29.02","229.62K","7.12%"
"Jan 07, 2001","30.05","28.12","30.15","26.92","353.37K","7.51%"
"Dec 31, 2000","27.95","26.90","28.78","26.65","257.18K","4.29%"
"Dec 24, 2000","26.80","26.20","27.00","25.62","128.42K","2.37%"
"Dec 17, 2000","26.18","28.93","29.85","25.58","254.20K","-9.32%"
"Dec 10, 2000","28.87","28.20","30.04","27.51","332.95K","1.51%"
"Dec 03, 2000","28.44","32.10","32.75","27.85","412.02K","-11.18%"
"Nov 26, 2000","32.02","35.18","35.69","31.90","378.86K","-9.55%"
"Nov 19, 2000","35.40","34.98","35.84","34.67","168.89K","-0.14%"
"Nov 12, 2000","35.45","34.15","35.70","33.92","332.61K","4.20%"
"Nov 05, 2000","34.02","32.48","34.13","32.10","311.89K","4.00%"
"Oct 29, 2000","32.71","32.90","33.74","32.10","310.27K","-0.09%"
"Oct 22, 2000","32.74","33.00","34.08","32.62","314.82K","-2.99%"
"Oct 15, 2000","33.75","34.54","34.80","32.40","289.82K","-3.54%"
"Oct 08, 2000","34.99","30.90","37.00","30.86","392.47K","13.38%"
"Oct 01, 2000","30.86","30.97","32.33","30.19","310.13K","0.06%"
"Sep 24, 2000","30.84","32.20","32.23","30.20","393.71K","-5.63%"
"Sep 17, 2000","32.68","35.85","37.80","32.50","387.05K","-9.02%"
"Sep 10, 2000","35.92","33.60","36.00","32.70","471.97K","6.81%"
"Sep 03, 2000","33.63","33.68","35.46","33.40","292.93K","0.75%"
"Aug 27, 2000","33.38","31.96","33.70","31.83","277.88K","4.21%"
"Aug 20, 2000","32.03","31.91","33.00","31.10","288.59K","0.13%"
"Aug 13, 2000","31.99","31.03","32.75","30.64","300.82K","3.13%"
"Aug 06, 2000","31.02","29.91","31.85","28.66","346.96K","3.54%"
"Jul 30, 2000","29.96","28.17","30.00","27.26","339.70K","6.32%"
"Jul 23, 2000","28.18","28.51","28.69","27.74","292.02K","-1.33%"
"Jul 16, 2000","28.56","31.05","32.35","28.51","324.74K","-9.04%"
"Jul 09, 2000","31.40","29.99","31.60","29.18","392.49K","3.70%"
"Jul 02, 2000","30.28","31.15","31.40","29.48","224.45K","-6.83%"
"Jun 25, 2000","32.50","32.26","32.95","31.06","279.99K","0.78%"
"Jun 18, 2000","32.25","32.10","33.40","30.25","344.05K","-0.25%"
"Jun 11, 2000","32.33","30.48","33.30","30.27","400.72K","7.05%"
"Jun 04, 2000","30.20","30.32","30.75","28.90","331.98K","-0.49%"
"May 28, 2000","30.35","30.00","30.77","28.87","266.27K","1.17%"
"May 21, 2000","30.00","29.76","30.82","28.35","270.02K","0.37%"
"May 14, 2000","29.89","29.20","30.48","29.07","256.46K","0.91%"
"May 07, 2000","29.62","27.30","30.00","27.05","357.20K","8.54%"
"Apr 30, 2000","27.29","25.55","27.40","25.52","278.91K","6.02%"
"Apr 23, 2000","25.74","25.95","26.18","24.60","272.12K","-0.54%"
"Apr 16, 2000","25.88","25.45","27.50","25.00","202.47K","1.21%"
"Apr 09, 2000","25.57","24.90","25.96","23.70","359.46K","2.12%"
"Apr 02, 2000","25.04","26.85","27.12","24.85","298.52K","-6.91%"
"Mar 26, 2000","26.90","28.00","28.02","26.05","310.56K","-4.00%"
"Mar 19, 2000","28.02","30.71","30.71","27.20","314.20K","-9.35%"
"Mar 12, 2000","30.91","31.74","32.25","30.13","306.96K","-2.68%"
"Mar 05, 2000","31.76","31.34","34.37","30.55","356.38K","0.79%"
"Feb 27, 2000","31.51","30.20","32.15","29.82","302.64K","3.82%"
"Feb 20, 2000","30.35","29.20","30.83","28.72","247.61K","2.85%"
"Feb 13, 2000","29.51","29.44","30.45","29.05","289.10K","0.24%"
"Feb 06, 2000","29.44","28.71","29.94","27.71","365.45K","2.15%"
"Jan 30, 2000","28.82","27.10","28.87","26.70","400.57K","5.88%"
"Jan 23, 2000","27.22","28.23","28.77","26.95","335.79K","-3.48%"
"Jan 16, 2000","28.20","28.03","29.95","27.70","283.87K","0.64%"
"Jan 09, 2000","28.02","24.22","28.10","24.02","428.17K","15.69%"
"Jan 02, 2000","24.22","25.20","25.69","24.15","322.81K","-5.39%"